ProjectID,Project Name,Address,Street Number,Street Name,Neighborhood,Project Stage,Year Complete,Developer Name,Zoning,Planning Board Special Permit,Building Permit,Total GFA,Lot Area,FAR,Primary Use,Residential Units,Hotel Rooms,Note,permit_type,planning_board_special_permit,building_permit,project_type,far,affordable_units,parking_spaces,streetview_narrative,optional_map_narrative,streetview,courbanize_url,long,latlong,sq_ft,lat,project_stage_1
245,,60 Aberdeen Avenue,60,Aberdeen Avenue,Neighborhood 10,Complete,2005,"Prospectus, LLC",C-1/MXR,N/A,309148-011420,63658,65290,0.75,Residential,55,,,,,,,,,,,,,,,,,,
479,,224 Albany Street,224,Albany Street,Cambridgeport,Complete,2002,,SD-8,N/A,N/A,74976,0,0.00,Educational,0,,,,,,,,,,,,,,,,,,
296,Graduate Dormitory,235 Albany Street,235,Albany Street,MIT / Area 2,Complete,2008,MIT,SD-8,PB215,N/A,246900,143910,1.71,Educational,0,,,,,,,,,,,,,,,,,,
426,,270 Albany Street,270,Albany Street,Cambridgeport,Complete,1999,Lyme Properties,SD-8,N/A,N/A,69000,32350,0.00,Office/R&D,0,,,,,,,,,,,,,,,,,,
315,Hotel Tria Expansion,220 Alewife Brook Parkway,220,Alewife Brook Parkway,Cambridge Highlands,Complete,2009,KW Cambridge Properties LLC,BA/AOD-5,PB230,N/A,57759,68907,0.84,Hotel,0,52,,,,,,,,,,,,,,,,,
449,MIT Building E18,50 Ames Street Street,50,Ames Street Street,MIT / Area 2,Complete,2000,MIT,IB/PUD-?,N/A,898238,129400,0,2.35,Educational,0,,,,,,,,,,,,,,,,,,
314,MIT Media Lab,75 Amherst Street,75,Amherst Street,MIT / Area 2,Complete,2009,MIT,C-3B,PB168,607018,162665,294849,2.62,Educational,0,,,,,,,,,,,,,,,,,,
2,Theater,0 Arrow Street,0,Arrow Street,Riverside,Complete,2004,Carr Foundation,O-3,PB180,,48224,18652,2.58,Theater,0,,,,,,,,,,,,,,,,,,
276,,18-24 Bay State Road,18-24,Bay State Road,Neighborhood 9,Complete,2007,"Bay State Loft, LLC",IA-1,N/A,,24000,12443,1.95,Residential,23,,,,,,,,,,,,,,,,,,
391,,42-54 Bay State Road,42-54,Bay State Road,Neighborhood 9,Complete,2012,BSR LLC,C-1A,N/A,212118-009990,13215,5891,2.24,Residential,10,,,,,,,,,,,,,,,,,,
412,,243 Bent Street,243,Bent Street,East Cambridge,Complete,1997,,,N/A,N/A,0,0,0.00,Residential,11,,,,,,,,,,,,,,,,,,
18,Telecom,300 Bent Street,300,Bent Street,East Cambridge,Complete,2003,Lohnes & Laverty,IB-1,PB162,,91980,67020,2.56,Telecommunications,0,,,,,,,,,,,,,,,,,,
268,,320 Bent Street,320,Bent Street,East Cambridge,Complete,2000,Rogers St. LLC c/o Lyme Properties,IA-1/IB-1,PB174,,195966,,3.00,Office/R&D,0,,,,,,,,,,,,,,,,,,
480,,8 Bigelow Street,8,Bigelow Street,Mid-Cambridge,Complete,2002,CASCAP,,N/A,N/A,0,0,0.00,Residential,10,,,,,,,,,,,,,,,,,,
417,,195 Binney Street,195,Binney Street,East Cambridge,Complete,1998,TRW; Worthington Place Assoc;HMFH,IB-1,N/A,N/A,275000,,2.50,Residential,200,,,,,,,,,,,,,,,,,,
374,Binney St. Alexandria Master Plan,225 Binney Street,225,Binney Street,East Cambridge,Complete,2013,Alexandria Real Estate,,PB243,1111093-012212,301048,79999,3.79,Office/R&D,0,,,,,,,,,,,,,,,,,,
24,,301 Binney Street,301,Binney Street,East Cambridge,Complete,2007,Biomed Realty Trust,IA-1/IB-1,PB174,,268779,165110,3.00,Office/R&D,0,,,,,,,,,,,,,,,,,,
49,Parking Garage,47 Bishop Allen Drive,47,Bishop Allen Drive,Area IV,Complete,2004,Fennel RE Trust,,,,11036,11036,3.00,Parking Garage,0,,,,,,,,,,,,,,,,,,
282,Switchhouse Housing,25-45 Blackstone Street,25-45,Blackstone Street,Riverside,Complete,2007,Harvard University,C-1,PB207,,41783,44080,0.95,Residential,33,,,,,,,,,,,,,,,,,,
481,Squirrel Brand Properties,8 Boardman Street,8,Boardman Street,Area IV,Complete,2002,Just-A-Start Corp.,C-1,N/A,N/A,20000,0,0.00,Residential,20,,,,,,,,,,,,,,,,,,
357,,61-69 Bolton Street,61-69,Bolton Street,Neighborhood 9,Complete,2013,DG/R.E. Development,C-1A,PB251,611008,26436,9783,1.35,Residential,20,,,,,,,,,,,,,,,,,,
28,JAS Housing,68 Bolton Street,68,Bolton Street,Neighborhood 9,Complete,2005,Just-A-Start Corp.,B,,,0,0,0.00,Residential,6,,,,,,,,,,,,,,,,,,
599,12 - 14 Mifflin Place,40 Brattle Street,40,Brattle Street,Neighborhood 10,Complete,2000,Brattle Walk Assoc. / Benjamin Thompson,,N/A,N/A,30700,0,0.00,Office/R&D,0,,,,,,,,,,,,,,,,,,
427,,203-205 Broadway,203-205,Broadway,Area IV,Complete,1999,Bullfinch Company,IB,N/A,N/A,180000,86729,2.30,Office/R&D,0,,,,,,,,,,,,,,,,,,
579,,210 Broadway,210,Broadway,Area IV,Complete,1999,LinPro,,N/A,N/A,170000,0,0.00,Office/R&D,0,,,,,,,,,,,,,,,,,,
428,,210 Broadway,210,Broadway,Area IV,Complete,1999,Bullfinch,1A-2,N/A,N/A,70000,36647,1.34,Office/R&D,0,,,,,,,,,,,,,,,,,,
350,,277 Broadway,277,Broadway,Area IV,Complete,2010,277 Broadway LLC,BA,N/A,1209080,12831,8626,0.00,Residential,9,,,,,,,,,,,,,,,,,,
457,,330-334 Broadway,330-334,Broadway,Mid-Cambridge,Complete,2001,Keystone Companies,0-1/C-1,N/A,N/A,10995,21289,0.00,Residential,10,,,,,,,,,,,,,,,,,,
240,Main Library Expansion,449 Broadway,449,Broadway,Mid-Cambridge,Complete,2010,City of Cambridge,C-3/OS,,,102210,513809,1.50,Government,0,,,,,,,,,,,,,,,,,,
450,Auburn Court Phase II, Brookline Street,,Brookline Street,Cambridgeport,Complete,2000,Homeowners Rehab,CRDD,N/A,N/A,0,0,0.00,Residential,60,,,,,,,,,,,,,,,,,,
451,,139 - 155 Brookline Street,139 - 155,Brookline Street,Cambridgeport,Complete,2000,Hammond Real Estate,SD-9/C,N/A,N/A,34531,30228,0.00,Residential,20,,,,,,,,,,,,,,,,,,
252,,21 Brookline Street,21,Brookline Street,Cambridgeport,Complete,2008,1st Cambridge Real Estate,C-1/C-2A/CSOD,PB202,,40755,18256,2.00,Residential,49,,,,,,,,,,,,,,,,,,
580,Biogen,12 R Cambridge Center,12 R,Cambridge Center,MIT / Area 2,Complete,2005,Biogen.Add Inc.,,N/A,N/A,132270,0,0.00,Office/R&D,0,,,,,,,,,,,,,,,,,,
458,,15 Cambridge Center,15,Cambridge Center,MIT / Area 2,Complete,2001,Biogen/CRA,MXD,N/A,N/A,224000,0,2.81,Office/R&D,0,,,,,,,,,,,,,,,,,,
375,Biogen/300 Binney Street,17 Cambridge Center,17,Cambridge Center,MIT / Area 2,Complete,2013,Boston Properties,MXD,N/A,112008-012228,188000,49544,3.79,Office/R&D,0,,Parking provided in existing Cambridge Center North Garage.,,,,,,,,,,,,,,,,
429,Marriott Residence Inn,6 Cambridge Center,6,Cambridge Center,MIT / Area 2,Complete,1999,Cambridge Redev Auth,MXD,N/A,N/A,0,0,2.00,Hotel,0,221,,,,,,,,,,,,,,,,,
21,Broad Institute,7 Cambridge Center,7,Cambridge Center,MIT / Area 2,Complete,2006,Boston Properties,MXD,,,194096,44854,4.48,Office/R&D,0,,,,,,,,,,,,,,,,,,
430,,8 Cambridge Center,8,Cambridge Center,MIT / Area 2,Complete,1999,CRA; Cambr. Tech Partners,,N/A,N/A,177000,0,0.00,Office/R&D,0,,,,,,,,,,,,,,,,,,
321,also 256 Elm Street,1066 Cambridge Street,1066,Cambridge Street,Wellington Harrington,Complete,2011,Just A Start,BA/C-1,N/A,N/A,27732,16084,1.60,Residential,19,,,,,,,,,,,,,,,,,,
485,Nobrega's/JAS housing,1167 Cambridge Street,1167,Cambridge Street,Wellington Harrington,Complete,2002,Just-A-Start Corp.,,N/A,N/A,0,0,0.00,,8,,,,,,,,,,,,,,,,,,
25,JAS Housing/Nobrega's,1167 Cambridge Street,1167,Cambridge Street,Wellington Harrington,Complete,2002,Just-A-Start Corp.,,,,13500,0,0.00,Residential,8,,,,,,,,,,,,,,,,,,
30,CGIS-South,1730 Cambridge Street,1730,Cambridge Street,Mid-Cambridge,Complete,2005,Harvard University,C-3,PB171,,84377,63929,1.33,Educational,0,,,,,,,,,,,,,,,,,,
241,CGIS-North,1737 Cambridge Street,1737,Cambridge Street,Mid-Cambridge,Complete,2005,Harvard University,C-1/C-3,PB171,,96054,169205,2.57,Educational,0,,,,,,,,,,,,,,,,,,
484,,803-815 Cambridge Street,803-815,Cambridge Street,Wellington Harrington,Complete,2002,,,N/A,N/A,0,0,0.00,,14,,,,,,,,,,,,,,,,,,
327,,160-180 Cambridgepark Drive,160-180,Cambridgepark Drive,North Cambridge,Complete,2014,BRE/CPD,O-2A/AOD-6,PB270,BLDM-000826-2013,445000,183604,2.40,Residential,398,,Garage also includes 150 spaces shared with adjacent office buildings.,,,,,,,,,,,,,,,,
459,,200 Cambridgepark Drive,200,Cambridgepark Drive,North Cambridge,Complete,2001,Spaulding and Slye,O-2/PUD-5,N/A,698005,285500,0,0.00,Office/R&D,0,,,,,,,,,,,,,,,,,,
483,,30 Cambridgepark Drive,30,Cambridgepark Drive,North Cambridge,Complete,2002,Oaktree Development,,PB154,N/A,366350,143717,2.55,Residential,311,,,,,,,,,,,,,,,,,,
340,Rounder Record Site/2419 Massachusetts Avenue,7 Cameron Avenue,7,Cameron Avenue,North Cambridge,Complete,2013,Oaktree Acorn LLC,BA-2,PB239,810310-015541,49993,25997,1.75,Residential,37,,,,,,,,,,,,,,,,,,
460,Holmes Building,1-9 Central Square,1-9,Central Square,Cambridgeport,Complete,2001,Holmes Family Trust,BB,PB147,N/A,128000,32823,3.90,Residential,93,,,,,,,,,,,,,,,,,,
353,,126 Charles Street,126,Charles Street,East Cambridge,Complete,2011,1st Charles LLC/Glanz Properties,C-1,PB249,1110150-015766,7593,5000,0.66,Residential,8,,,,,,,,,,,,,,,,,,
27,R&D,320 Charles Street,320,Charles Street,East Cambridge,Complete,2005,Whitehead Institute,IA-1,,,9600,107025,0.74,Office/R&D,0,,,,,,,,,,,,,,,,,,
292,Columbia Court,199-209 Columbia Street,199-209,Columbia Street,Area IV,Complete,2007,Just A Start Corp,BA/C-1,N/A,N/A,13241,13956,1.17,Residential,13,,,,,,,,,,,,,,,,,,
34,CAST Housing,55-99 Columbia Street,55-99,Columbia Street,Area IV,Complete,2003,Homeowner's Rehab.,C-1,,,0,0,0.00,Residential,42,,,,,,,,,,,,,,,,,,
298,,479 Concord Avenue,479,Concord Avenue,Neighborhood 9,Complete,2008,"Shelter, Inc.",C-1A/B,N/A,N/A,3700,5865,0.00,Residential,14,,,,,,,,,,,,,,,,,,
48,Neville Manor,650 Concord Avenue,650,Concord Avenue,Cambridge Highlands,Complete,2004,Neville Communities,,,,49730,85214,0.56,Nursing Home,71,,,,,,,,,,,,,,,,,,
267,,773 Concord Avenue,773,Concord Avenue,Cambridge Highlands,Complete,2006,VRL Realty Trust,C-2,N/A,,31359,17896,0.00,Residential,25,,,,,,,,,,,,,,,,,,
615,Vox on 2,223 Concord Turnpike,223,Concord Turnpike,North Cambridge,Complete,2014,"CPC-T, LP",SD-4A,PB254,1111207-016780,253620,173909,1.46,Residential,227,,,,,,,,,,,,,,,,,,
313,Shady Hill Arts Center & Gym,178 Coolidge Hill,178,Coolidge Hill,Neighborhood 10,Complete,2009,Shady Hill School,A-2,N/A,807095,75363,472716,0.26,Educational,0,,,,,,,,,,,,,,,,,,
387,,"22, 27 Cottage Park Avenue","22, 27",Cottage Park Avenue,North Cambridge,Complete,2013,Cottage Park Realty Trust,B/SD-2,PB267,512262-014569,35590,13959,2.55,Residential,16,,,,,,,,,,,,,,,,,,
330,Blessed Sacrament Phase 2,10 Cpl. McTernan Street,10,Cpl. McTernan Street,Cambridgeport,Complete,2010,Pearl McTernan LLC,C,PB211,N/A,49302,30174,3.27,Residential,20,,,,,,,,,,,,,,,,,,
283,Blessed Sacrament Phase 1,20 Cpl. McTernan Street,20,Cpl. McTernan Street,Cambridgeport,Complete,2008,Pearl St. LLC,C,PB211,,42059,30174,2.90,Residential,23,,,,,,,,,,,,,,,,,,
418,,1-15 Davenport Street,1-15,Davenport Street,North Cambridge,Complete,1998,Bob Bray,B/NMAOD,N/A,N/A,23800,18381,2.00,Residential,17,,,,,,,,,,,,,,,,,,
244,,10 Decatur Street,10,Decatur Street,Cambridgeport,Complete,2005,Fela Realty Trust,SD-9/C,,,31520,27671,0.88,Residential,19,,,,,,,,,,,,,,,,,,
260,Discovery Park Master Plan Smithsonian Bldg.,100 Discovery Park,100,Discovery Park,North Cambridge,Complete,2005,Bulfinch Company,SD-4,N/A,,158007,1154420,0.61,Office/R&D,0,,FAR is for entire Discovery Park development. Parking allocated from Discovery Park inventory.,,,,,,,,,,,,,,,,
359,Discovery Park Master Plan Forrester Bldg.,200-300 Discovery Park,200-300,Discovery Park,North Cambridge,Complete,2011,Bulfinch Company,SD-4,PB198,N/A,235000,1154420,0.61,Lab/R&D,0,,FAR is for entire Discovery Park development. Parking allocated from Discovery Park inventory.,,,,,,,,,,,,,,,,
380,Discovery Park Master Plan, Discovery Park Garage A,,Discovery Park Garage A,North Cambridge,Complete,2011,Bulfinch Company,SD-4,PB198,N/A,238314,1154420,,Parking Garage,0,,Garage not counted toward Discovery Park FAR. Includes severn surface parking spaces.,,,,,,,,,,,,,,,,
258,"North Point Master Plan Bldg ""S""",1 Earhart Street,1,Earhart Street,East Cambridge,Complete,2008,JonesLangLaSalle-GuilfordTransport,NP/PUD-6,PB179,,113955,19500,2.66,Residential,99,,,,,,,,,,,,,,,,,,
259,"North Point Master Plan Bldg ""T""",2 Earhart Street,2,Earhart Street,East Cambridge,Complete,2008,JonesLangLaSalle-GuilfordTransport,NP/PUD-6,PB179,,236223,32000,2.66,Residential,230,,,,,,,,,,,,,,,,,,
227,Cambridge Research Park,650 East Kendall Street,650,East Kendall Street,East Cambridge,Complete,2010,Biomed Realty Trust,O-3/PUD-3,PB141,,217398,49470,3.00,Office/R&D,0,,Parking in provided in Cambridge Research Park pooled facility.,,,,,,,,,,,,,,,,
431,,47 Erie Street,47,Erie Street,Cambridgeport,Complete,1999,Lyme Properties,SD-8,N/A,N/A,121104,23082,0.00,Parking Garage,0,,,,,,,,,,,,,,,,,,
462,,98-100 Erie Street,98-100,Erie Street,Cambridgeport,Complete,2001,University Realty LLC,,PB142,899118,26602,17900,0.00,Residential,16,,,,,,,,,,,,,,,,,,
614,Fawcett Street Housing,80-90 Fawcett Street,80-90,Fawcett Street,Cambridge Highlands,Complete,2014,CCF/O'Connor,O-1/AOD-4,PB255,212195-017996,466361,197173,2.37,Residential,429,,"Project was in two phase with Phase 1 complete in 2013 with 90 units, 10 affordable and all parking.",,,,,,,,,,,,,,,,
304,Phase II,1 First Street,1,First Street,East Cambridge,Complete,2008,Leggat McCall Properties,?/PUD-4A,PB192,N/A,136643,72418,4.10,Residential,82,,,,,,,,,,,,,,,,,,
238,Phase I,1 First Street,1,First Street,East Cambridge,Complete,2006,Leggat McCall Properties,?/PUD-4A,PB192,,160363,72418,4.10,Residential,114,,,,,,,,,,,,,,,,,,
432,2 Canal Park,25 First Street,25,First Street,East Cambridge,Complete,1999,New England Development,BA/PUD-4,N/A,N/A,197000,61780,2.35,Office/R&D,0,,,,,,,,,,,,,,,,,,
9,Kendall Sq. Electric Plant,273 First Street,273,First Street,East Cambridge,Complete,2008,Mirant New England,O-3A,,,11800,168162,0.00,Utilities,0,,,,,,,,,,,,,,,,,,
37,Oaktree Housing,369 Franklin Street,369,Franklin Street,Riverside,Complete,2004,Oaktree Green,C-2,,,21500,0,0.00,Residential,18,,,,,,,,,,,,,,,,,,
463,,250 Fresh Pond Parkway,250,Fresh Pond Parkway,Neighborhood 10,Complete,2001,City of Cambridge,OS,N/A,N/A,154390,0,0.00,Utilities,0,,,,,,,,,,,,,,,,,,
317,,355 Fresh Pond Parkway,355,Fresh Pond Parkway,Neighborhood 10,Complete,2014,Roberta Sidney,BA/Res B/Parkway Overlay,PB234,BLDC-001755-2013,11450,41854,0.41,Retail,0,,FAR based on approved plan including a second floor yet to be built.,,,,,,,,,,,,,,,,
389,Maple Leaf Building,10 Glassworks Avenue,10,Glassworks Avenue,East Cambridge,Complete,2014,Archstone Development,NP/PUD-6,PB175,1112137-020645,63210,247431,3.77,Residential,104,,Parking located in existing Avalon Bay / Archstone Phase I garage.,,,,,,,,,,,,,,,,
433,,163 Gore Street,163,Gore Street,East Cambridge,Complete,1999,Cambridge Publiuc Health Comm.,BA-2,N/A,N/A,26800,40000,0.67,Office/R&D,0,,,,,,,,,,,,,,,,,,
249,Harvard Housing, Grant & Cowperthwaite Streets / Harvard Housing,,Grant & Cowperthwaite Streets / Harvard Housing,Riverside,Complete,2007,Harvard Real Estate Services,,PB199,,126765,165731,3.07,Residential,0,,,,,,,,,,,,,,,,,,
303,,72 Hamilton Street,72,Hamilton Street,Cambridgeport,Complete,2010,Peggy Morrissey,SD-10,PB226,N/A,15343,11172,1.32,Residential,11,,,,,,,,,,,,,,,,,,
41,Draper Labs,1 Hampshire Street,1,Hampshire Street,Wellington Harrington,Complete,2006,Leggett McCall/Draper,IB,PB182,,156700,101190,3.20,Office/R&D,0,,,,,,,,,,,,,,,,,,
402,KFC Redevelopment,168 Hampshire Street,168,Hampshire Street,Area IV,Building Permit Granted,2014,Agnosis Developmnet LLC,BA,N/A,213013-027680,23543,10100,2.33,Residential,11,,,,,,,,,,,,,,,,,,
307,,125-127 Harvard Street,125-127,Harvard Street,Area IV,Complete,2009,"CASCAP Realty, Inc.",C-2B,N/A,N/A,37213,10200,0.00,Residential,24,,,,,,,,,,,,,,,,,,
354,Jackson Gardens Renovation,259 Harvard Street,259,Harvard Street,Mid-Cambridge,Complete,2011,Cambridge Housing Authority,C-1,N/A,810276-022718,55668,43565,1.28,Residential,45,,,,,,,,,,,,,,,,,,
434,,273 Harvard Street,273,Harvard Street,Mid-Cambridge,Complete,1999,CASCAP Inc.,C-1,N/A,N/A,0,0,0.00,Residential,22,,,,,,,,,,,,,,,,,,
362,,119-135 Harvey Street,119-135,Harvey Street,North Cambridge,Complete,2013,Young Investments LLC,SD-2,PB258,1012188-027999,26517,53035,0.84,Residential,20,,,,,,,,,,,,,,,,,,
464,,181 Harvey Street,181,Harvey Street,North Cambridge,Complete,2001,Conerstone Builders Group,IA-1,PB126,N/A,54687,56110,0.92,Residential,32,,,,,,,,,,,,,,,,,,
281,,95 Harvey Street,95,Harvey Street,North Cambridge,Complete,2010,Michael O'Shea,SD-2,PB208,,13739,8514,1.61,Residential,8,,,,,,,,,,,,,,,,,,
306,Youth Center/VFW,688 Huron Avenue,688,Huron Avenue,Strawberry Hill,Complete,2009,City of Cambridge,C-3,N/A,207121,31000,28592,1.08,Community Center,0,,,,,,,,,,,,,,,,,,
465,,1 Kendall Square,1,Kendall Square,Wellington Harrington,Complete,2001,Amgen Inc.,IB,N/A,792350,285000,0,4.00,Office/R&D,0,,,,,,,,,,,,,,,,,,
232,Watermark 2/Cambridge Research Park,250 Kendall Street,250,Kendall Street,East Cambridge,Complete,2013,Twining Properties,O-3/PUD-3,PB141,412055-030080,148949,48106,3.00,Residential,144,,144 parking spaces allocated from Cambridge Research Park 350 Third Street parking garage.,,,,,,,,,,,,,,,,
233,Cambridge Research Park,350 Kendall Street,350,Kendall Street,East Cambridge,Complete,2002,Lyme Properties,O-3/PUD-3,PB141,,2000,425319,3.00,Parking Garage,0,,Underground garage provides parking for all Cambridge Research Park buildings.,,,,,,,,,,,,,,,,
229,Genzyme Building/Cambridge Research Park,500 Kendall Street,500,Kendall Street,East Cambridge,Complete,2003,Lyme Properties,O-3/PUD-3,PB141,,275513,0,3.00,Office/R&D,0,,Parking in provided in Cambridge Research Park pooled facility.,,,,,,,,,,,,,,,,
15,Hotel Marlowe,25 Land Boulevard,25,Land Boulevard,East Cambridge,Complete,2003,New England Development,BA/PUD-4,PB66,,154000,27000,2.18,Hotel,0,236,,,,,,,,,,,,,,,,,
11,University Park,100 Landsdowne Street,100,Landsdowne Street,Cambridgeport,Complete,2005,Forest City Development,CRDD,PB152,,236000,0,0.00,Residential,203,,,,,,,,,,,,,,,,,,
4,Millenium Pharmaceuticals,35 Landsdowne Street,35,Landsdowne Street,Cambridgeport,Complete,2002,Forest City Development,CRDD,PB152,,221561,0,0.00,Office/R&D,0,,,,,,,,,,,,,,,,,,
19,University Park,40 Landsdowne Street,40,Landsdowne Street,Cambridgeport,Complete,2002,Forest City Development,CRDD,PB163,,228184,0,0.00,Office/R&D,0,,,,,,,,,,,,,,,,,,
466,,65 Landsdowne Street,65,Landsdowne Street,Cambridgeport,Complete,2001,Forest City Dev.,CRDD,PB152,N/A,129454,0,0.00,Office/R&D,0,,,,,,,,,,,,,,,,,,
12,University Park,80 Landsdowne Street,80,Landsdowne Street,Cambridgeport,Complete,2002,Forest City Development,CRDD,PB152,,0,0,0.00,Parking Garage,0,,,,,,,,,,,,,,,,,,
33,Charles E. Smith Housing,1 Leighton Street,1,Leighton Street,East Cambridge,Complete,2008,C.E. Smith/Archstone Dev,NP/PUD-6,PB175,206055,426000,247431,3.77,Residential,426,,"FAR includes original plans for Phase II building, since reduced in size.",,,,,,,,,,,,,,,,
299,Sloan School of Management,100 Main Street,100,Main Street,MIT / Area 2,Complete,2010,MIT,C-3B,PB225,N/A,209000,268713,2.44,Educational,0,,,,,,,,,,,,,,,,,,
577,,139 Main Street,139,Main Street,East Cambridge,Complete,1999,H.J. Davis,,N/A,N/A,35000,0,0.00,Office/R&D,0,,,,,,,,,,,,,,,,,,
489,Firehouse Hotel,350 Main Street,350,Main Street,MIT / Area 2,Complete,2002,The Firehouse in LLC,IB,N/A,N/A,37600,0,4.00,Hotel,0,65,,,,,,,,,,,,,,,,,
318,MIT Cancer Research Center,500 Main Street,500,Main Street,MIT / Area 2,Complete,2011,MIT,C-3B,PB232,608243-026682,308756,2012983,2.01,Office/R&D,0,,171 parking spaces allocated from existing MIT parking pool.,,,,,,,,,,,,,,,,
331,MITIMCO Phase 1/South Building - Pfizer,610 Main Street,610,Main Street,Area IV,Complete,2014,MIT,IB,PB238,112013-026869,180053,210215,2.75,Office/R&D,0,,FAR includes Phase I building. 650 Parking spaces in underground garage. 380 spaces shared with 700 Main St. 270 spaces allocated to Phase II.,,,,,,,,,,,,,,,,
309,,823 Main Street,823,Main Street,Area IV,Complete,2009,Just A Start,BB,N/A,N/A,13356,5950,2.28,Residential,10,,,,,,,,,,,,,,,,,,
435,,1008 Massachusetts Avenue,1008,Massachusetts Avenue,Riverside,Complete,1999,Oaktree Development,B-1,N/A,N/A,74610,36661,3.25,Retail,67,,,,,,,,,,,,,,,,,,
351,,1063-1077 Massachusetts Avenue,1063-1077,Massachusetts Avenue,Mid-Cambridge,Complete,2012,Brighton Allston Properties,BB/HSOD,PB248,1210047-032973,31952,8954,3.57,Residential,20,,,,,,,,,,,,,,,,,,
332,,1131 Massachusetts Avenue,1131,Massachusetts Avenue,Mid-Cambridge,Complete,2010,Veritas LLC,C-2B,PB228,N/A,11077,6330,1.75,Hotel,0,32,,,,,,,,,,,,,,,,,
436,also 14-32 JFK Street,1380-1392 Massachusetts Avenue,1380-1392,Massachusetts Avenue,Riverside,Complete,1999,Cambridge Savings Bank,,N/A,N/A,50000,12350,4.00,Retail,0,,,,,,,,,,,,,,,,,,
300,Harvard Law School,1585 Massachusetts Avenue,1585,Massachusetts Avenue,Agassiz,Complete,2011,Harvard University,C-3,PB221,707078-030893,234000,1343528,1.71,Educational,0,,Parking spaces servemultiple buildings throughout Harvard campus.,,,,,,,,,,,,,,,,
319,,1663 Massachusetts Avenue,1663,Massachusetts Avenue,Agassiz,Complete,2010,Lesley University,BA-2/C-1,N/A,N/A,34700,18980,1.81,Educational,0,,,,,,,,,,,,,,,,,,
45,,1979 Massachusetts Avenue,1979,Massachusetts Avenue,North Cambridge,Complete,2008,Sam Azzam,BC/B,,,13900,5832,2.40,Residential,15,,,,,,,,,,,,,,,,,,
284,VFW Housing,2101-2103 Massachusetts Avenue,2101-2103,Massachusetts Avenue,North Cambridge,Complete,2007,CASCAP,B,N/A,,7800,6316,0.00,Residential,9,,,,,,,,,,,,,,,,,,
419,,2105-2109 Massachusetts Avenue,2105-2109,Massachusetts Avenue,North Cambridge,Complete,1998,Ricardo Dumont,,N/A,N/A,0,0,0.00,Residential,6,,,,,,,,,,,,,,,,,,
263,Trolley Square,2377-2399 Massachusetts Avenue,2377-2399,Massachusetts Avenue,North Cambridge,Complete,2006,HRI,BA-2,N/A,,55854,37645,0.00,Residential,40,,,,,,,,,,,,,,,,,,
279,,2440 Massachusetts Avenue,2440,Massachusetts Avenue,North Cambridge,Complete,2007,Cambridge Point Realty Trust,BA-2/SD-2,N/A,,40000,25000,1.75,Residential,41,,,,,,,,,,,,,,,,,,
490,,2443 Massachusetts Avenue,2443,Massachusetts Avenue,North Cambridge,Complete,2002,Cambridge Garden Realty Trust,BA-2,N/A,N/A,20243,9937,1.75,Residential,13,,,,,,,,,,,,,,,,,,
287,,2495 Massachusetts Avenue,2495,Massachusetts Avenue,North Cambridge,Complete,2006,Just A Start,B/BA-2,N/A,,18425,29565,0.00,Residential,14,,,,,,,,,,,,,,,,,,
273,,250 Massachusetts Avenue,250,Massachusetts Avenue,MIT / Area 2,Complete,2006,Novartis Services,SD-7/CSOD,PB173,,65319,8709,3.54,Office/R&D,0,,,,,,,,,,,,,,,,,,
437,,2525 Massachusetts Avenue,2525,Massachusetts Avenue,North Cambridge,Complete,1999,Just A Start Corp.,,N/A,N/A,0,0,0.00,Residential,12,,,,,,,,,,,,,,,,,,
29,Novartis,254 Massachusetts Avenue,254,Massachusetts Avenue,Cambridgeport,Complete,2004,DSF Real Estate Investors,SD-7,PB173,,484072,143522,3.26,Office/R&D,0,,,,,,,,,,,,,,,,,,
467,,580 Massachusetts Avenue,580,Massachusetts Avenue,Cambridgeport,Complete,2001,Cambridge Garden Realty Trust,BB,N/A,N/A,0,16164,3.00,Residential,580,,,,,,,,,,,,,,,,,,
366,,622-38 Massachusetts Avenue,622-38,Massachusetts Avenue,Cambridgeport,Complete,2013,Hunneman Management,BB/CSOD,PB133,N/A,26650,32823,3.90,Residential,21,,Conversion of second floor from commercial to residential use. Toital project includes 93 units and 80 parking spaces.,,,,,,,,,,,,,,,,
414,,600 Memorial Drive,600,Memorial Drive,Cambridgeport,Complete,1997,Modern Continental,SD-11,N/A,N/A,72000,0,0.00,Office/R&D,0,,,,,,,,,,,,,,,,,,
438,,619 Memorial Drive,619,Memorial Drive,Cambridgeport,Complete,1999,Comm of Mass.,Residential A-2,N/A,N/A,19960,38625,0.44,,0,,,,,,,,,,,,,,,,,,
415,,620 Memorial Drive,620,Memorial Drive,Cambridgeport,Complete,1997,Charles River Building,SD-5/O-2,N/A,N/A,91500,0,0.00,Office/R&D,0,,,,,,,,,,,,,,,,,,
1,Polaroid-Office,778-784 Memorial Drive,778-784,Memorial Drive,Cambridgeport,Complete,2003,Spaulding & Slye,O-3,PB161,,158572,164853,0.96,Office/R&D,0,,,,,,,,,,,,,,,,,,
439,Homeowner's Rehab,808-812 Memorial Drive,808-812,Memorial Drive,Cambridgeport,Complete,1999,,,N/A,N/A,0,99150,0.00,Residential,301,,,,,,,,,,,,,,,,,,
250,Harvard Affiliate Housing,870-888 Memorial Drive,870-888,Memorial Drive,Riverside,Complete,2008,Harvard Real Estate Services,,PB200,,140652,98828,3.10,Residential,0,,,,,,,,,,,,,,,,,,
468,,125 Mount Auburn Street,125,Mount Auburn Street,Neighborhood 10,Complete,2001,Bullfinch Co.,BB/HSOD,PB164,N/A,49974,12803,3.90,Office/R&D,0,,,,,,,,,,,,,,,,,,
13,Hotel,187-199 Msgr. O'Brien Highway,187-199,Msgr. O'Brien Highway,East Cambridge,Complete,2002,Natraj Realty Trust,SD-1,,,51919,17330,3.00,Hotel,0,114,,,,,,,,,,,,,,,,,
416,,258 Msgr. O'Brien Highway,258,Msgr. O'Brien Highway,East Cambridge,Complete,1997,"Protland Development, Modern Continental",SD-1,N/A,N/A,50900,22500,2.26,Hotel,0,112,,,,,,,,,,,,,,,,,
440,Eliot Square,100-104 Mt. Auburn St; 89 - 107 Winthrop Street,100-104,Mt. Auburn St; 89 - 107 Winthrop Street,Neighborhood 10,Complete,1999,Intercontinential Contracting Corp,BB,N/A,N/A,53000,24000,3.61,Residential,8,,,,,,,,,,,,,,,,,,
280,Acute Care Bldg/Parking Garage,330 Mt. Auburn Street,330,Mt. Auburn Street,Neighborhood 10,Complete,2008,Mt. Auburn Hospital,C-1/C-3,PB209,,180900,367181,1.56,Hospital,0,,,,,,,,,,,,,,,,,,
601,North Point Center,8-12 Museum Way,8-12,Museum Way,East Cambridge,Complete,1998,,,N/A,N/A,157000,0,0.00,Residential,435,,,,,,,,,,,,,,,,,,
346,,87 New Street,87,New Street,Neighborhood 9,Complete,2010,Oaktree Development,IA-1,N/A,N/A,49999,30000,1.95,Residential,54,,,,,,,,,,,,,,,,,,
452,,59 Norfolk Street,59,Norfolk Street,Area IV,Complete,2000,Just A Start Corp.,B,N/A,N/A,0,0,0.00,Residential,8,,,,,,,,,,,,,,,,,,
358,North Cambridge Catholic HS Site,40 Norris Street,40,Norris Street,North Cambridge,Complete,2014,Lacourt Family LLC,B,PB252,1112152-037888,45578,25700,1.80,Residential,25,,,,,,,,,,,,,,,,,,
26,"TKT, Inc.",28 Osborn Street,28,Osborn Street,Area IV,Complete,2002,MIT Real Estate,IB,,,182031,210215,0.87,Office/R&D,0,,,,,,,,,,,,,,,,,,
453,,210 Otis Street,210,Otis Street,East Cambridge,Complete,2000,Just A Start Corp,,N/A,N/A,0,0,0.00,Residential,8,,,,,,,,,,,,,,,,,,
454,,12 Oxford Street,12,Oxford Street,Agassiz,Complete,2000,Harvard Planning and Research,C-3,N/A,N/A,60500,0,1.63,Office/R&D,0,,,,,,,,,,,,,,,,,,
262,LISE Building,15 Oxford Street,15,Oxford Street,Agassiz,Complete,2007,Harvard University,C-3,PB191,,118800,0,1.58,Educational,0,,,,,,,,,,,,,,,,,,
441,Maxwell - Dworkin Building,17-33 Oxford Street,17-33,Oxford Street,Agassiz,Complete,1999,Harvard Univ.,C-3,N/A,N/A,91500,1332963,1.36,Office/R&D,0,,,,,,,,,,,,,,,,,,
255,NW Lab Building,24 Oxford Street,24,Oxford Street,Agassiz,Complete,2008,Harvard University,C-3,PB204,,410000,1132560,2.12,Educational,0,,,,,,,,,,,,,,,,,,
50,Parking Garage,52 Oxford Street,52,Oxford Street,Agassiz,Complete,2005,Harvard University,C-3,,,328701,1111380,1.68,Parking Garage,0,,,,,,,,,,,,,,,,,,
386,,100 Pacific Street,100,Pacific Street,Cambridgeport,Complete,2013,100 Pacific Street Trust,SD-8,N/A,1111148-038572,19545,10008,1.95,Residential,11,,,,,,,,,,,,,,,,,,
442,,101 Pacific Street,101,Pacific Street,Cambridgeport,Complete,1999,Forest City Dev.,CRDD,N/A,N/A,266000,0,0.00,Parking Garage,0,,,,,,,,,,,,,,,,,,
493,,70 Pacific Street,70,Pacific Street,Cambridgeport,Complete,2001,MIT Real Estate,SD-8,PB235,N/A,346000,138751,2.49,Educational,0,,,,,,,,,,,,,,,,,,
420,, Pemberton Street Condos,,Pemberton Street Condos,North Cambridge,Complete,1998,Kline / Levy: Jeff Kline,,N/A,N/A,0,0,0.50,Residential,20,,,,,,,,,,,,,,,,,,
504,University Park,30 Pilgrim Street,30,Pilgrim Street,Cambridgeport,Complete,1999,,,N/A,N/A,191688,,0.00,Parking Garage,0,,,,,,,,,,,,,,,,,,
39,Polaroid-Housing,157-179 Pleasant Street,157-179,Pleasant Street,Cambridgeport,Complete,2003,Harvard Planning & Real Estate,O-3,PB161,,160000,93171,1.70,Residential,120,,,,,,,,,,,,,,,,,,
443,,48 Porter Road,48,Porter Road,North Cambridge,Complete,1999,48 Porter Rd Realty trust,B,N/A,N/A,0,15949,0.00,Residential,6,,,,,,,,,,,,,,,,,,
52,JAS Scouting Way,146-152 Prospect Street,146-152,Prospect Street,Area IV,Complete,2005,Just-A-Start,O-1/BA-1,,,16204,15175,0.92,Residential,13,,,,,,,,,,,,,,,,,,
308,Prospect Court Phase 1/2,182-190 Prospect Street,182-190,Prospect Street,Area IV,Complete,2008,Prospect Street Housing Trust,C-1,,507102,9274,31498,0.93,Residential,11,,,,,,,,,,,,,,,,,,
455,,195 Prospect Street,195,Prospect Street,Mid-Cambridge,Complete,2000,Pallotte Trust,C-1,N/A,N/A,0,0,0.00,Residential,20,,,,,,,,,,,,,,,,,,
305,,239-241 Prospect Street,239-241,Prospect Street,Mid-Cambridge,Complete,2008,"239 Prospect St., LLC",C-1,N/A,12060340,9600,12792,0.75,Residential,8,,,,,,,,,,,,,,,,,,
469,,396-398 Putnam Avenue,396-398,Putnam Avenue,Cambridgeport,Complete,2001,CASCAP,,N/A,N/A,0,0,0.00,Residential,8,,,,,,,,,,,,,,,,,,
341,,625 Putnam Avenue,625,Putnam Avenue,Cambridgeport,Complete,2012,"Homeowners Rehab, Inc.",SD-8A/C-1,PB240,1210065-039725,44303,27970,1.88,Residential,40,,,,,,,,,,,,,,,,,,
397,Harvard Fogg Museum Addition,32 Quincy Street,32,Quincy Street,Mid-Cambridge,Complete,2014,Harvard College,C-3,N/A,1210153-038829,204000,184924,2.08,Museum,0,,FAR based on entire parcel and includes several existing buildings. Parking allocate from Harvard University pool.,,,,,,,,,,,,,,,,
422,, Richdale Avenue,,Richdale Avenue,Neighborhood 9,Complete,1998,Cambridge Cohousing,IA-1,N/A,N/A,78000,0,1.25,Residential,43,,,,,,,,,,,,,,,,,,
523,Richdale Terraces Phase 2, Richdale Avenue,,Richdale Avenue,Neighborhood 9,Complete,1998,Joseph Nogueira,,N/A,N/A,0,0,0.00,Residential,56,,,,,,,,,,,,,,,,,,
248,Richdale Place,113 Richdale Avenue,113,Richdale Avenue,Neighborhood 9,Complete,2007,Oaktree Development,C-1A,PB201,,29775,18460,1.61,Residential,20,,,,,,,,,,,,,,,,,,
251,St. John's Resident Phase 1B,120 Rindge Avenue,120,Rindge Avenue,North Cambridge,Complete,2013,120 Realty Trust,B,PB203,1212049-039660,35154,100068,0.76,Residential,28,,"FAR based on Phases 1A, 1B, and 2. Project incldues 97 parking spaces for 63 units across all project phases. Parking in Phase 1A.",,,,,,,,,,,,,,,,
316,St. John's Resident Phase 2,124 Rindge Avenue,124,Rindge Avenue,North Cambridge,Complete,2014,120 Realty Trust,B,PB203,1212050-039665,21189,100068,0.76,Residential,16,,"FAR based on Phases 1A, 1B, and 2. Project incldues 97 parking spaces for 63 units across all project phases. Parking in Phase 1A.",,,,,,,,,,,,,,,,
32,,265 Rindge Avenue,265,Rindge Avenue,North Cambridge,Complete,2003,Shelter Inc.,B,,,5794,0,0.00,Residential,10,,,,,,,,,,,,,,,,,,
47,Brickworks Housing,310 Rindge Avenue,310,Rindge Avenue,North Cambridge,Complete,2006,Brickworks LLC,C-1A/MXR?,PB186,,153730,153207,1.05,Residential,102,,,,,,,,,,,,,,,,,,
456,"358,368,384-390 Rindge Avenue",354 Rindge Avenue,354,Rindge Avenue,North Cambridge,Complete,2000,Just A Start Corp,IA-1,N/A,N/A,27116,26000,1.08,Residential,12,,,,,,,,,,,,,,,,,,
264,Alewife Brook Condos II,390 Rindge Avenue,390,Rindge Avenue,North Cambridge,Complete,2006,JAS,C-1A/C-2,N/A,,10662,8448,0.00,Residential,8,,,,,,,,,,,,,,,,,,
423,,402 Rindge Avenue,402,Rindge Avenue,North Cambridge,Complete,1998,Just a Start Corporation,C-2,N/A,N/A,0,0,0.00,Residential,274,,,,,,,,,,,,,,,,,,
470,Fitzgerald School,70 Rindge Avenue,70,Rindge Avenue,North Cambridge,Complete,2001,City of Cambridge School Dept,B,N/A,N/A,124893,306431,0.41,Government,0,,,,,,,,,,,,,,,,,,
471,,241 River Street,241,River Street,Riverside,Complete,2001,River Street Trust,C-2,N/A,1298160,23165,25160,1.12,Residential,20,,,,,,,,,,,,,,,,,,
278,,280-290 River Street,280-290,River Street,Cambridgeport,Complete,2009,Orwig Associates,C-1/BA-3,PB233,,22418,25127,0.95,Residential,17,,,,,,,,,,,,,,,,,,
472,Bread & Circus,320 - 366 River Street,320 - 366,River Street,Riverside,Complete,2001,Whole Food Market,O-3,1299164,N/A,44834,78582,1.00,Retail,0,,,,,,,,,,,,,,,,,,
444,,26 Robinson Street,26,Robinson Street,Neighborhood 9,Complete,1999,Harvard Planning and Real Estate,C-1,N/A,N/A,6500,45351,0.86,Office/R&D,0,,,,,,,,,,,,,,,,,,
266,,1 Russell Street,1,Russell Street,North Cambridge,Complete,2007,Quadrant Real Estate,BA-2/B,N/A,,32023,22536,0.00,Residential,32,,,,,,,,,,,,,,,,,,
272,,110 Second Street,110,Second Street,East Cambridge,Complete,2007,"Charles Passage, LLC",IA-1,N/A,,37729,19995,1.95,Residential,29,,,,,,,,,,,,,,,,,,
376,Skanska,150 Second Street,150,Second Street,East Cambridge,Complete,2013,Skanska USA,IA-1/BA/PUD-4B,PB231A,911010-047417,108600,109972,2.24,Office/R&D,0,,,,,,,,,,,,,,,,,,
473,,180 Sidney Street,180,Sidney Street,Cambridgeport,Complete,2001,Lyme Properties,SD-8,N/A,N/A,191104,186289,1.25,Office/R&D,0,,,,,,,,,,,,,,,,,,
424,University Park Phase II,20 Sidney Street,20,Sidney Street,Cambridgeport,Complete,1998,Forest City Developmnet,CRDD,N/A,N/A,175000,0,0.00,Retail,0,210,,,,,,,,,,,,,,,,,
235,University Park,23 Sidney Street,23,Sidney Street,Cambridgeport,Complete,2005,Forest City Development,,,,46000,0,0.00,Residential,49,,,,,,,,,,,,,,,,,,
445,University Park Phase III,45 & 75 Sidney Street,45 & 75,Sidney Street,Cambridgeport,Complete,1999,Forest City Development,CRDD,N/A,N/A,270000,,,Office/R&D,0,,,,,,,,,,,,,,,,,,
5,University Park,88 Sidney Street,88,Sidney Street,Cambridgeport,Complete,2002,Forest City Development,CRDD,PB152,,154978,0,0.00,Office/R&D,0,,,,,,,,,,,,,,,,,,
14,University Park,91 Sidney Street,91,Sidney Street,Cambridgeport,Complete,2002,Forest City Development,CRDD,PB152,,156000,0,0.00,Residential,135,,,,,,,,,,,,,,,,,,
270,,157 Sixth Street,157,Sixth Street,East Cambridge,Complete,2004,Rogers St. LLC c/o Lyme Properties,IA-1/IB-1,PB174,,41349,0,3.00,Residential,37,,,,,,,,,,,,,,,,,,
446,,815 Somerville Avenue,815,Somerville Avenue,North Cambridge,Complete,1999,Byrdhouse Enterprises,BC,N/A,N/A,20900,10451,2.00,Office/R&D,0,,,,,,,,,,,,,,,,,,
237,Tech Square,100 Technology Square,100,Technology Square,Area IV,Complete,2003,Tech Square LLC,IB,PB144,,347500,0,0.00,Office/R&D,0,,,,,,,,,,,,,,,,,,
6,Tech Square,300 Technology Square,300,Technology Square,Area IV,Complete,2002,Tech Square LLC,IB,PB144,,118621,689534,2.53,Office/R&D,0,,,,,,,,,,,,,,,,,,
22,Tech Square,600 Technology Square,600,Technology Square,Area IV,Complete,2002,Tech Square LLC,IB,PB144,,132591,452204,2.12,Office/R&D,0,,,,,,,,,,,,,,,,,,
23,Tech Square,700 Technology Square,700,Technology Square,Area IV,Complete,2002,Tech Square LLC,IB,PB144,,54376,452204,2.12,Office/R&D,0,,,,,,,,,,,,,,,,,,
499,Tech Square,800 Technology Square,800,Technology Square,Area IV,Complete,2001,Beacon Capital Partners,IB,N/A,N/A,0,689534,2.53,Parking Garage,0,,,,,,,,,,,,,,,,,,
477,,101 Third Street,101,Third Street,East Cambridge,Complete,2001,Harold Asaph,R2,N/A,N/A,0,0,0.00,Residential,4,,,,,,,,,,,,,,,,,,
7,Beal Company,286 Third Street,286,Third Street,East Cambridge,Complete,2002,Beal Company,IB-1,PB151,,128090,42697,3.00,Office/R&D,0,,,,,,,,,,,,,,,,,,
51,Phase 2/South Building,303 Third Street,303,Third Street,East Cambridge,Complete,2009,Extell Cambridge LLC,PUD-KS/C-2B,PB189,,289779,148693,3.90,Residential,190,,,,,,,,,,,,,,,,,,
335,Phase 1/North Building,303 Third Street,303,Third Street,East Cambridge,Complete,2008,Extell Cambridge LLC,PUD-KS/C-2B,PB189,N/A,290000,148693,3.90,Residential,292,,,,,,,,,,,,,,,,,,
261,Watermark 1/Cambridge Research Park,350 Third Street,350,Third Street,East Cambridge,Complete,2006,Twining Properties,O-3/PUD-3,PB141,,357000,48106,3.00,Residential,321,,,,,,,,,,,,,,,,,,
344,188 Prospect Street; Prospect Court Phase 3/4,17-19 Tremont Street,17-19,Tremont Street,Area IV,Complete,2010,Prospect Street Housing Trust,C-1,N/A,507102,20422,31498,0.93,Residential,15,,,,,,,,,,,,,,,,,,
8,MIT Stata Center,10 Vassar Street,10,Vassar Street,MIT / Area 2,Complete,2004,MIT,,PB158,,446510,120450,3.60,Educational,0,,,,,,,,,,,,,,,,,,
501,,100 Vassar Street,100,Vassar Street,MIT / Area 2,Complete,2001,MIT,C-3,N/A,N/A,110000,0,0.36,Educational,0,,,,,,,,,,,,,,,,,,
17,"Simmons Hall, MIT Dormitory",229 Vassar Street,229,Vassar Street,MIT / Area 2,Complete,2002,MIT,SD-6,PB157,,160000,61683,3.00,Educational,0,,,,,,,,,,,,,,,,,,
40,MIT Brain & Cognitive Center,43 Vassar Street,43,Vassar Street,MIT / Area 2,Complete,2005,MIT,C-3B,PB181,,362000,388991,0.40,Educational,0,,,,,,,,,,,,,,,,,,
347,Lincoln Way Apartments,181 Walden Street,181,Walden Street,Neighborhood 9,Complete,2013,Cambridge Housing Authority,C-1/C-2,PB244,810165-047040,106600,134838,0.81,Residential,70,,"Project added a net of 10 affordable units,",,,,,,,,,,,,,,,,
425,51-53 Bristol Street,67-83 Webster Street,67-83,Webster Street,Wellington Harrington,Complete,1998,Just a Start Corporation,C-1,N/A,N/A,12743,13137,0.97,Residential,14,,,,,,,,,,,,,,,,,,
226,Vertex Building/Cambridge Research Park,675 West Kendall Street,675,West Kendall Street,East Cambridge,Complete,2004,Lyme Properties,O-3/PUD-3,PB141,,245226,0,0.00,Office/R&D,0,,Parking in provided in Cambridge Research Park pooled facility.,,,,,,,,,,,,,,,,
447,,165 Western Avenue,165,Western Avenue,Riverside,Complete,1999,CASCAP,,N/A,N/A,0,0,0.00,Residential,9,,,,,,,,,,,,,,,,,,
363,Former Police Station,5 Western Avenue,5,Western Avenue,Riverside,Complete,2013,Cambridge Housing Authority,BA/CSOD,PB260,312113-044789,59676,12980,4.33,Government,0,,,,,,,,,,,,,,,,,,
285,Baker Building,37 Wheeler Street,37,Wheeler Street,Cambridge Highlands,Complete,2008,World 114 Nomine Trust,BC,N/A,,57500,52800,0.00,Residential,72,,,,,,,,,,,,,,,,,,
421,Porter Square Shopping Center,1-37 White Street,1-37,White Street,North Cambridge,Complete,1998,Gravestar,BC/NMAOD,N/A,N/A,462844,0,2.00,Retail,0,,,,,,,,,,,,,,,,,,
406,,18 White Street,18,White Street,North Cambridge,Building Permit Granted,2014,Ben Rogan,BC,N/A,BLDM-007372-2013,9979,5080,1.96,Residential,8,,,,,,,,,,,,,,,,,,
448,Smith Place,10 Wilson Road,10,Wilson Road,Cambridge Highlands,Complete,1999,"A.O. Wilson, Spaulding and Slye",O-2,N/A,N/A,75000,61000,1.20,Office/R&D,0,,,,,,,,,,,,,,,,,,
311,Immaculate Conception,424-430 Windsor Street,424-430,Windsor Street,Wellington Harrington,Complete,2012,Just A Start,C-1,PB229,0811191,20856,15704,1.32,Residential,14,,,,,,,,,,,,,,,,,,
342,St. John's Phase 1A,45-47 Yerxa Road,45-47,Yerxa Road,North Cambridge,Complete,2012,120 Realty Trust,B,PB203,105157-047114,15372,100068,0.76,Residential,19,,"FAR based on Phases 1A, 1B, and 2. Project incldues 97 parking spaces for 63 units across all project phases.",,,,,,,,,,,,,,,,
1,305 Webster Avenue,305 Webster Avenue,305,Webster Avenue,Wellington Harrington,Approved,in-progress,M & H Realty Trust,,BA/C-2B,"Residential, Office/R&D",37510,18140,,Residential,35,NA,NEW PROJECT.,Planning Board Special Permit,PB295,N/A,New Construction,2.07,TBD,35,This project is a ...,,"https://www.google.com/maps/@42.3734279,-71.0944702,3a,75y,49.05h,88.84t/data=!3m6!1e1!3m4!1sr5Gnvo3cOvsm3zU1gak-Qw!2e0!7i13312!8i6656",http://cambridge.courbanize.com/305-webster-avenue,-71.0944007924,"(42.37353654470, -71.09440079240)",37510,42.3735365447,Permit Granted or As of Right
2,75 New Street,75 New Street,75,New Street,Neighborhood 9,Approved,in-progress,AbodeZ Acorn LLC,,IA-1,Residential,96049,49256,,Residential,93,NA,,Planning Board Special Permit,PB286,N/A,New Construction,1.95,TBD,94,This project is a ...,,"https://www.google.com/maps/@42.3891202,-71.1398371,3a,75y,314.46h,88.17t/data=!3m6!1e1!3m4!1s-YGnVCksCliPDVBITNywfQ!2e0!7i13312!8i6656",http://cambridge.courbanize.com/75-new-street,-71.1401582515999,"(42.3889398492, -71.1401582515999)",96049,42.3889398492,Permit Granted or As of Right
3,The Ivy Residents,262 Msgr. O'Brien Highway,262,Msgr. O'Brien Highway,East Cambridge,Approved,in-progress,YIHE Group,,SD-1,Residential,64222,19078,,Residential,56,NA,,Large Project Review,,N/A,New Construction,3.37,TBD,56,This project is a ...,,"https://www.google.com/maps/@42.3736489,-71.0820835,3a,75y,170.5h,82.7t/data=!3m6!1e1!3m4!1shA0DKLS4mP3gqaff1IhNaA!2e0!7i13312!8i6656",http://cambridge.courbanize.com/262-msgr-obrien-highway,-71.0819208536999,"(42.3734405177999, -71.0819208536999)",64222,42.3734405177999,Permit Granted or As of Right
8,10 Essex Street,10 Essex Street,10,Essex Street,Area IV,Approved,in-progress,3 MJ Associates LLC,,BB/CSOD,"Residential, Retail",52333,34744,,Residential,46,NA,FAR includes existing building on parcel.,Planning Board Special Permit,PB285,N/A,New Construction,3.27,TBD,23,This project is a ...,,"https://www.google.com/maps/@42.365416,-71.102785,3a,75y,120.71h,77.41t/data=!3m6!1e1!3m4!1sSTtqVIcZrc7dQmzb9Sy1bg!2e0!7i13312!8i6656",http://cambridge.courbanize.com/10-essex-street,-71.1025378476,"(42.3654694824, -71.1025378476)",52333,42.3654694824,Permit Granted or As of Right
7,Binney St. Alexandria Master Plan,161 First Street,161,First Street,East Cambridge,Approved,in-progress,Alexandria Real Estate,,IA-1/PUD-3A,"Residential, Retail",165941,40000,,Residential,129,NA,"80 parking spaces located on site, 25 in the 270 Third Street garage and 17 spaces in the garage at 50/60 Binney Street.",Planning Board Special Permit,PB243,,Addition/Alteration,3.75,TBD,122,This project is a ...,,"https://www.google.com/maps/@42.36517,-71.0787824,3a,75y,7.77h,84.53t/data=!3m6!1e1!3m4!1sXsS_KdE4uFzy_4X-TfPuFQ!2e0!7i13312!8i6656",http://cambridge.courbanize.com/161-first-street,-71.0786592824999,"(42.3655945804, -71.0786592824999)",165941,42.3655945804,Permit Granted or As of Right
27,Novartis,181 Massachusetts Avenue,181,Massachusetts Avenue,Area IV,Construction,in-progress,Novartis,,SD-15,Office/R&D,572663,163618,,Office/R&D,,NA,,Planning Board Special Permit,PB265,612325-027729,New Construction,3.5,,458,This project is a ...,,"https://www.google.com/maps/@42.3607572,-71.0962118,3a,75y,90t/data=!3m6!1e1!3m4!1sxHl0QYlwoGdvw42rGWGj0g!2e0!7i13312!8i6656",http://cambridge.courbanize.com/181-massachusetts-avenue,-71.0959346527999,"(42.3610031341999, -71.0959346527999)",572663,42.3610031341999,Building Permit Granted
4,St. James Development,1991-2013 Massachusetts Avenue,1991-2013,Massachusetts Avenue,North Cambridge,Approved,in-progress,Oaktree Development,,BA-2/NMAOD,"Residential, Retail",73528,58194,,Residential,46,NA,"64 total spaces on-site include 46 spaces for 1991-2013 Mass Ave and 18 spaces for adjacent St. James Church. FAR includes existing 22,560 SF church.",Planning Board Special Permit,PB241,N/A,Addition,1.75,TBD,46,This project is a ...,,"https://www.google.com/maps/@42.3908359,-71.1219582,3a,75y,71.57h,89.43t/data=!3m6!1e1!3m4!1smIEr36gbTGz_tn2g3kHjQA!2e0!7i13312!8i6656",http://cambridge.courbanize.com/1991-2013-massachusetts-avenue,-71.1213666236999,"(42.3908306590999, -71.1213666236999)",73528,42.3908306590999,Permit Granted or As of Right
5,Constellation Theatre/Cambridge Research Park,585 Kendall Street,585,Kendall Street,East Cambridge,Approved,in-progress,Constellation,,O-3/PUD-3,Theater,75000,35865,,Theater,,NA,Parking provided in Cambridge Research Park pooled facility.,Planning Board Special Permit,PB141,,New Construction,2.09,,See note,This project is a ...,,"https://www.google.com/maps/@42.3637719,-71.0826585,3a,75y,4.53h,92.07t/data=!3m7!1e1!3m5!1ssoNc7oOt6XL-Fek1Qh33PA!2e0!6s%2F%2Fgeo0.ggpht.com%2Fcbk%3Fpanoid%3DsoNc7oOt6XL-Fek1Qh33PA%26output%3Dthumbnail%26cb_client%3Dmaps_sv.tactile.gps%26thumb%3D2%26w%3D203%26h%3D100%26yaw%3D315.17111%26pitch%3D0!7i13312!8i6656",http://cambridge.courbanize.com/585-kendall-street,-71.0826678014999,"(42.3641474380999, -71.0826678014999)",75000,42.3641474380999,Permit Granted or As of Right
6,Harvard JFK School Expansion,79 JFK Street,79,JFK Street,Neighborhood 10,Approved,in-progress,Harvard University,,C-3,Educational,76862,126655,,Educational,,NA,"FAR includes existing building on-site. 129 spaces to be allocated from campus pool.  Approved Special Permit was filed January 5, 2015.",Planning Board Special Permit,PB293,BLDC-026899-2015,Addition,2.51,,See note,This project is a ...,,"https://www.google.com/maps/@42.3711315,-71.1213494,3a,75y,297.11h,87.63t/data=!3m6!1e1!3m4!1sntM7Bpafpm1fEcBUl78PYA!2e0!7i13312!8i6656",http://cambridge.courbanize.com/79-jfk-street,-71.1217447768,"(42.3709835351999, -71.1217447768)",76862,42.3709835351999,Permit Granted or As of Right
22,240 Sidney Street,240 Sidney Street,240,Sidney Street,Cambridgeport,Construction,in-progress,Dinosaur Capital,,SD-8A,Residential,128000,54130,,Residential,96,NA,,Planning Board Special Permit,PB278,BLDM-018346-2014,New Construction,1.78,11,106,This project is a ...,,"https://www.google.com/maps/@42.3566156,-71.1067499,3a,75y,78.99h,93.99t/data=!3m6!1e1!3m4!1s3j-VV1E3mbgGsgsn2aOmLw!2e0!7i13312!8i6656",http://cambridge.courbanize.com/240-sidney-street,-71.1065265316999,"(42.3567348974, -71.1065265316999)",128000,42.3567348974,Building Permit Granted
9,Avalon Bay Housing Phase II,1-25 East Street,1-25 East Street,East Street,East Cambridge,Approved,in-progress,C.E. Smith/Archstone Dev,,NP/PUD-6,"Residential, Retail",446005,247431,,Residential,341,NA,FAR includes Phase I building.,Planning Board Special Permit,PB175,N/A,New Construction,3.77,TBD,447,This project is a ...,,"https://www.google.com/maps/@42.3708087,-71.0743414,3a,75y,198.77h,90.2t/data=!3m6!1e1!3m4!1sxClMv-4uD5wUGjMsouun8w!2e0!7i13312!8i6656",http://cambridge.courbanize.com/1-25-east-street,-71.0744786365,"(42.3703935998, -71.0744786365)",446005,42.3703935998,Permit Granted or As of Right
10,130 Cambridgepark Drive,130 Cambridgepark Drive,130,Cambridgepark Drive,North Cambridge,Approved,in-progress,The Hanover Company,,O-2A/AOD-6,Residential,213321,102013,,Residential,220,NA,"120 spaces located on-site, 96 spaces located in 140 Cambridgepark Drive garage.",Planning Board Special Permit,PB279,N/A,New Construction,2.1,TBD,216,This project is a ...,,"https://www.google.com/maps/@42.3946762,-71.1443199,3a,75y,359.21h,88.42t/data=!3m6!1e1!3m4!1s17Hn_9nHgmC1WO0IrItFQg!2e0!7i13312!8i6656",http://cambridge.courbanize.com/130-cambridgepark-drive,-71.1450265850999,"(42.3936697908999, -71.1450265850999)",213321,42.3936697908999,Permit Granted or As of Right
11,88 Cambridgepark Drive,88 Cambridgepark Drive,88,Cambridgepark Drive,North Cambridge,Approved,in-progress,McKinnon Company,,O-2A/AOD-6,Residential,294000,174496,,Residential,254,NA,91 spaces on-site and 94 shared parking spaces with adjacent office buildings.,Planning Board Special Permit,PB292,N/A,New Construction,1.7,29,185,This project is a ...,,"https://www.google.com/maps/@42.3946762,-71.1443199,3a,75y,359.21h,88.42t/data=!3m6!1e1!3m4!1s17Hn_9nHgmC1WO0IrItFQg!2e0!7i13312!8i6656",http://cambridge.courbanize.com/88-cambridgepark-drive,-71.1439127364999,"(42.3933390102999, -71.1439127364999)",294000,42.3933390102999,Permit Granted or As of Right
19,22 Water Street,22 Water Street,22,Water Street,East Cambridge,Construction,in-progress,Catamount Holdings LLC,,NP/PUD-6,Residential,408225,104673,,Residential,392,NA,,Planning Board Special Permit,PB247,BLDC-002865-2013,New Construction,4.62,45,351,This project is a ...,,"https://www.google.com/maps/@42.3722857,-71.0781609,3a,75y,90t/data=!3m6!1e1!3m4!1sDHGiaDjNSz5uiu7ZVemWpQ!2e0!7i13312!8i6656",http://cambridge.courbanize.com/22-water-street,-71.0785593882999,"(42.3726174582999, -71.0785593882999)",408225,42.3726174582999,Building Permit Granted
20,Binney St. Alexandria Master Plan,270 Third Street,270,Third Street,East Cambridge,Construction,in-progress,Alexandria Real Estate,,IA-1/PUD-4B,"Residential, Retail",91122,17435,,Residential,91,NA,Parking allocated from 75-125 Binney Street garage.,Planning Board Special Permit,PB243,BLDM-020260-2014,New Construction,4.47,27,76,"VIvo Apartment Homes provides 91 market-rate and 27 affordable units and approximately 8,000 sq ft of retail space. Final construction is wrapping up and move-in begins Fall 2016.",270 Third Street is located on the corner of Binney and Third Streets near Kendall Square and the Charles River. The Alexandria Center at Kendall Square is a 2.6M sq ft urban science and technology campus.,"https://www.google.com/maps/@42.3656178,-71.0823298,3a,75y,27.28h,90.77t/data=!3m6!1e1!3m4!1s2m-rpmuXnXktIyHJeupagg!2e0!7i13312!8i6656",http://cambridge.courbanize.com/270-third-street,-71.0820951643,"(42.3659489241999, -71.0820951643)",91122,42.3659489241999,Building Permit Granted
21,5 Temple Street,5 Temple Street,5,Temple Street,Mid-Cambridge,Construction,in-progress,Cambridge Affordable Housing Corporation,,BB/O-3/CSOD,Residential,96161,36990,,Residential,40,NA,Parking spaces serve a total of 66 units on-site; 42 new units and 24 existing units.,Comprehensive Permit,,BLDM-008282-2013,New Construction,2.59,40,33,Temple Place Apartments is a six-story building containing 40 units including 15 one-bedroom and 25 two-bedroom apartments for low and moderate income families and individuals. Completion and occupancy is expected in 2015.,The Temple Place Apartments are located on Temple Street in Central Square on the site of the Cambridge YWCA's former pool building.,"https://www.google.com/maps/@42.3663635,-71.1042466,3a,75y,309.7h,96.01t/data=!3m6!1e1!3m4!1sAPf9PCwHRRG_Y5U4TThudA!2e0!7i13312!8i6656",http://cambridge.courbanize.com/5-temple-street,-71.1043479684999,"(42.3665710542, -71.1043479684999)",96161,42.3665710542,Building Permit Granted
23,15-33 Richdale Avenue,15-33 Richdale Avenue,15-33,Richdale Avenue,Neighborhood 9,Construction,in-progress,Hathaway Lofts LLC,,C-1A,Residential,65384,42043,,Residential,46,NA,,Planning Board Special Permit,PB284,N/A,Addition/Alteration,1.58,5,46,This project is a ...,,"https://www.google.com/maps/@42.3884427,-71.1225241,3a,75y,6.83h,86.54t/data=!3m6!1e1!3m4!1s_8AZmHn2eO163TWUQN_ACw!2e0!7i13312!8i6656",http://cambridge.courbanize.com/15-33-richdale-avenue,-71.1222930244999,"(42.3884694858, -71.1222930244999)",65384,42.3884694858,Building Permit Granted
12,Binney St. Alexandria Master Plan,100 Binney Street,100,Binney Street,East Cambridge,Approved,in-progress,Alexandria Real Estate,,IA-1/PUD-3A,"Office/R&D, Retail",356941,54433,,Office/R&D,,NA,185 spaces in underground garage and 136 allocated from 50/60 Binney Street garage.,Planning Board Special Permit,PB243,N/A,New Construction,7.12,,321,"Bristol-Myers Squibb, a global biopharmaceutical company, is the primary tenant at 100 Binney Street on this Alexandria Center property. Construction is expected to be completed at the end of 2017.",The 100 Binney Street property is at the intersection of Second and Binney Streets. The Alexandria Center at Kendall Square is a 2.6M sq ft urban science and technology campus.,"https://www.google.com/maps/@42.3653787,-71.080417,3a,75y,191.66h,87.18t/data=!3m6!1e1!3m4!1smlxPwg1M6iy8-8C-bbP7lg!2e0!7i13312!8i6656",http://cambridge.courbanize.com/100-binney-street,-71.0808334305999,"(42.3651253725, -71.0808334305999)",356941,42.3651253725,Permit Granted or As of Right
13,600 Discovery Park/Discovery Park Master Plan,10 Acorn Park,10,Acorn Park,North Cambridge,Approved,in-progress,Bulfinch Company,,SD-4,Hotel,82340,1154420,,Hotel,,150,FAR is for entire Discovery Park development. Parking to be allocated from Discovery Park inventory. Surface spaces for hotel included here.,Planning Board Special Permit,PB198,BLDC-025041-2015,New Construction,0.61,,See note,This project is a ...,,"https://www.google.com/maps/@42.3990961,-71.146748,3a,90y,216.73h,83.86t/data=!3m6!1e1!3m4!1sFQT4NXqbYLZoICckceCBQg!2e0!7i13312!8i6656",http://cambridge.courbanize.com/10-acorn-park,-71.1470707988,"(42.3987162287, -71.1470707988)",82340,42.3987162287,Building Permit Granted
14,500 Discovery Park/Discovery Park Master Plan,20 Acorn Park,20,Acorn Park,North Cambridge,Approved,in-progress,Bulfinch Company,,SD-4,Office/R&D,132000,1154420,,Office/R&D,,NA,FAR is for entire Discovery Park development. Parking to be allocated from Discovery Park inventory.,Planning Board Special Permit,PB198,N/A,New Construction,0.61,,See note,This project is a ...,,"https://www.google.com/maps/@42.3992296,-71.1471729,3a,75y,207.42h,92.04t/data=!3m6!1e1!3m4!1s3Kiq2vwpdquGQEFPFEPpLA!2e0!7i13312!8i6656",http://cambridge.courbanize.com/20-acorn-park,-71.1471004934,"(42.3983003999, -71.1471004934)",132000,42.3983003999,Permit Granted or As of Right
15,400 Discovery Park/Discovery Park Master Plan,30 Acorn Park,30,Acorn Park,North Cambridge,Approved,in-progress,Bulfinch Company,,SD-4,Office/R&D,96000,1154420,,Office/R&D,,NA,FAR is for entire Discovery Park development. Parking to be allocated from Discovery Park inventory.,Planning Board Special Permit,PB198,N/A,New Construction,0.61,,See note,This project is a ...,,"https://www.google.com/maps/@42.3992296,-71.1471729,3a,75y,209.15h,87.33t/data=!3m6!1e1!3m4!1s3Kiq2vwpdquGQEFPFEPpLA!2e0!7i13312!8i6656",http://cambridge.courbanize.com/30-acorn-park,-71.1477991777999,"(42.3981808077, -71.1477991777999)",96000,42.3981808077,Permit Granted or As of Right
16,Garage B/Discovery Park Master Plan,40 Acorn Park,40,Acorn Park,North Cambridge,Approved,in-progress,Bulfinch Company,,SD-4,Parking Garage,141745,1154420,,Parking Garage,,NA,Garage not counted toward Discovery Park FAR.,Planning Board Special Permit,PB198,N/A,New Construction,NA,,380,This project is a ...,,"https://www.google.com/maps/@42.3993304,-71.1475076,3a,75y,197.05h,87.37t/data=!3m6!1e1!3m4!1sEpiM7P6Rg-sG_RtsH3M4sg!2e0!7i13312!8i6656",http://cambridge.courbanize.com/40-acorn-park,-71.1477676227,"(42.3989313956999, -71.1477676227)",141745,42.3989313956999,Permit Granted or As of Right
17,249 Third Street,249 Third Street,249,Third Street,East Cambridge,Community Review,in-progress,Equity Residential,,IA-1,Residential,70377,26918,,Residential,84,NA,,Planning Board Special Permit,,N/A,New Construction,2.67,,2,Equity Residential is proposing a new 5-story residential building with 84 units in what is currently a parking lot in East Cambridge. This potential project is currently under review.,249 Third Street is located between Rogers and Bent Streets near the Foundry Building.,"https://www.google.com/maps/@42.3662844,-71.0820487,3a,75y,123.91h,84.93t/data=!3m6!1e1!3m4!1sG6o0C5Ac_yWMqKXawX0OVA!2e0!7i13312!8i6656",http://cambridge.courbanize.com/249-third-street,-71.082172,"(42.366835, -71.082172)",70377,42.366835,Permitting
18,First Street Assemblage,85-139 First Street,85-139,First Street,East Cambridge,Community Review,in-progress,First Street LLC,,BA/PUD4B;IA-1/PUD4B,"Residential, Office/R&D, Retail",208848,92727,,Residential,134,NA,Parking will be shared among buildings and uses.,Planning Board Special Permit,PB297,N/A,Change of Use,2.25,TBD,204,This project is a ...,,"https://www.google.com/maps/@42.367234,-71.0777771,3a,75y,219.34h,92.68t/data=!3m6!1e1!3m4!1sO7eLh3EIr6ZfBBVfcU1jmQ!2e0!7i13312!8i6656",http://cambridge.courbanize.com/85-139-first-street,-71.0778614791,"(42.36715979640, -71.07786147910)",208848,42.3671597964,Permitting
24,"MLK, Jr. School",100 Putnam Avenue,100,Putnam Avenue,Riverside,Construction,in-progress,City of Cambridge,,C-1,Government,169221,147534,,Government,,NA,34 spaces by zoning but 75 spaces available using tandem parking.,Planning Board Special Permit,PB277,BLDC-012909-2014,New Construction,1.15,,75,This project is a ...,,"https://www.google.com/maps/@42.3665771,-71.1135458,3a,75y,86.05h,95.38t/data=!3m6!1e1!3m4!1shygrTLB9yKzlw49UrWztZg!2e0!7i13312!8i6656",http://cambridge.courbanize.com/100-putnam-avenue,-71.1133164577999,"(42.367030192, -71.1133164577999)",169221,42.367030192,Building Permit Granted
25,North Point Remaining Master Plan,North Point Remaining Master Plan,,North Point Remaining Master Plan,North Point,Construction,in-progress,NA,,NA,"Residential, Office, Retail",NA,NA,,NA,NA,NA,NA,NA,,NA,NA,NA,NA,NA,This project is a ...,,"https://www.google.com/maps/@42.3708078,-71.0718046,3a,75y,310.88h,85.8t/data=!3m6!1e1!3m4!1sbwYm0jVVG3-tj5K2CgCHUw!2e0!7i13312!8i6656",http://cambridge.courbanize.com/north-point-remaining-master-plan,-71.0731544543999,"(42.3721674932999, -71.0731544543999)",3734367,42.3721674932999,NA
26,Conductor's Building,114 Mt. Auburn Street,114,Mt. Auburn Street,Neighborhood 10,Construction,in-progress,Carpenter Company,,BB/HSOD,Office/R&D,83200,20800,,Office/R&D,,NA,Includes retail component with size TBD. Parking reduced to zero because of commercial parking available in Charles Hotel garage.,Planning Board Special Permit,PB235,BLDC-012909-2014,New Construction,4,,See note,This project is a ...,,"https://www.google.com/maps/@42.3730636,-71.1221335,3a,90y,228.82h,103.71t/data=!3m6!1e1!3m4!1s4alqtYP71Ls4VTQOna8C3w!2e0!7i13312!8i6656",http://cambridge.courbanize.com/114-mt-auburn-street,-71.1223610607,"(42.3730377011999, -71.1223610607)",83200,42.3730377011999,Building Permit Granted
28,Gourmet Express Redevelopment,1868 Massachusetts Avenue,1868,Massachusetts Avenue,Neighborhood 9,Construction,in-progress,1868 Mass Ave LLC,,BC/C-1,"Residential, Retail",30759,13325,,Residential,27,NA,42 total on-site spaces include 27 residential spaces plus 15 spaces to be used by Lesley University.,Large Project Review,,DEMO-018477-2014,New Construction,2.31,3,27,This project is a ...,,"https://www.google.com/maps/@42.3880342,-71.1194353,3a,75y,256.31h,88.94t/data=!3m6!1e1!3m4!1swIezzkdQ8c1QeVFXWDG2UQ!2e0!7i13312!8i6656",http://cambridge.courbanize.com/1868-massachusetts-avenue,-71.1195744895999,"(42.3880840691999, -71.1195744895999)",30759,42.3880840691999,Building Permit Granted
29,Miso Block Redevelopment,1971 Massachusetts Avenue,1971,Massachusetts Avenue,North Cambridge,Construction,in-progress,Urban Spaces,,BC,"Residential, Retail",26351,14044,,Residential,20,NA,,Large Project Review,,022573-2015,New Construction,1.81,2,20,This project is a ...,,"https://www.google.com/maps/@42.3899831,-71.1206908,3a,75y,47.35h,80.42t/data=!3m6!1e1!3m4!1sV6eqqJqCL9m3vvQ52cpMSw!2e0!7i13312!8i6656",http://cambridge.courbanize.com/1971-massachusetts-avenue,-71.1205118399,"(42.390126234, -71.1205118399)",26351,42.390126234,Building Permit Granted
30,University Park Millenium Bldg.,300 Massachusetts Avenue,300,Massachusetts Avenue,Cambridgeport,Construction,in-progress,Forest City,,CRDD,"Office/R&D, Retail",218501,50634,,Office/R&D,,NA,Parking willl be provided by using existing University Park garage at 55 Franklin St.,Planning Board Special Permit,PB283,BLDC-010858-2014,New Construction,4.3,,227,"300 Massachusetts Avenue will soon be home to Millennium/Takeda, a life science company along with 15,000 sq ft of retail and restaurant space on the ground floor expected to open in early 2016.",This project is across from the Miracle of Science and adjacent to the MIT dormitory Random Hall along Mass Ave.,"https://www.google.com/maps/@42.3623143,-71.0984997,3a,75y,223.05h,99.91t/data=!3m6!1e1!3m4!1sZOVQjWkAN9f_GZVAFwR81Q!2e0!7i13312!8i6656",http://cambridge.courbanize.com/300-massachusetts-avenue,-71.0983515643,"(42.362064967, -71.0983515643)",218501,42.362064967,Building Permit Granted
31,131 Harvard Street,131 Harvard Street,131,Harvard Street,Area IV,Construction,in-progress,Capstone Communities/Sean Hope RE,,C-2B,Residential,30983,10000,,Residential,20,NA,GFA includes structured parking.,Board of Zoning Appeals,,BLDM-027706-2015,New Construction,2.34,20,See note,This project is a ...,,"https://www.google.com/maps/@42.3653962,-71.0938391,3a,75y,35.04h,81.16t/data=!3m6!1e1!3m4!1srE7m_sLojz49QIQlBjBjiw!2e0!7i13312!8i6656",http://cambridge.courbanize.com/131-harvard-street,-71.0937380706999,"(42.3654741102999, -71.0937380706999)",30983,42.3654741102999,Building Permit Granted
32,159 First Street,159 First Street,159,First Street,East Cambridge,Construction,in-progress,Urban Spaces,,IA-1/BA/PUD-4B,"Residential, Retail",126000,29999,,Residential,115,NA,64 spaces located on-site and 15 spaces located off-site.,Planning Board Special Permit,PB231,BLDM-002316-2013,New Construction,4.2,13,79,This project is a ...,,"https://www.google.com/maps/@42.3659753,-71.0787921,3a,90y,11.64h,103.25t/data=!3m6!1e1!3m4!1sAwBA8e8-ytVX1loEH8Ariw!2e0!7i13312!8i6656",http://cambridge.courbanize.com/159-first-street,-71.078419244,"(42.3661407135, -71.078419244)",126000,42.3661407135,Building Permit Granted
33,33 Cottage Park Avenue,33 Cottage Park Avenue,33,Cottage Park Avenue,North Cambridge,Construction,in-progress,Tyler Court Limited Partnership,,SD-2,Residential,83528,130079,,Residential,67,NA,,Planning Board Special Permit,PB276,BLDM-020171-2014,New Construction,0.64,8,71,This project is a ...,,"https://www.google.com/maps/@42.3986328,-71.133243,3a,75y,197.61h,89.82t/data=!3m6!1e1!3m4!1sgpAX8iIC_FacwLoVrB1Nrg!2e0!7i13312!8i6656",http://cambridge.courbanize.com/33-cottage-park-avenue,-71.1335109325,"(42.3984010982999, -71.1335109325)",83528,42.3984010982999,Building Permit Granted
34,"North Point Master Plan Bldg ""N""/2020",20 Child Street,20,Child Street,East Cambridge,Construction,in-progress,HYM Investments,,NP/PUD-6,"Residential, Retail",388000,NA,,Residential,355,NA,Lot area and FAR to be determined.,Planning Board Special Permit,PB179,BLDC-003384-2013,New Construction,NA,41,184,This project is a ...,,"https://www.google.com/maps/@42.3710128,-71.0728079,3a,75y,20.48h,92.76t/data=!3m6!1e1!3m4!1sMiLk8WlHmZ-wOl6ChexG3A!2e0!7i13312!8i6656",http://cambridge.courbanize.com/20-child-street,-71.0719950585999,"(42.371614925, -71.0719950585999)",388000,42.371614925,Building Permit Granted
35,165 Cambridgepark Drive,165 Cambridgepark Drive,165,Cambridgepark Drive,North Cambridge,Construction,in-progress,Hines Interests Limited,,O-2A/AOD-6,Residential,280000,119274,,Residential,244,NA,,Planning Board Special Permit,PB275,BLDM-009426-2013,New Construction,2.35,28,230,This project is a ...,,"https://www.google.com/maps/@42.3950569,-71.1470441,3a,75y,11.46h,90.77t/data=!3m6!1e1!3m4!1s6GVeezGlySskXn_8XayzVw!2e0!7i13312!8i6656",http://cambridge.courbanize.com/165-cambridgepark-drive,-71.1474173353,"(42.3953600162, -71.1474173353)",280000,42.3953600162,Building Permit Granted
36,Binney St. Alexandria Master Plan,50/60 Binney Street,50/60,Binney Street,East Cambridge,Construction,in-progress,Alexandria Real Estate,,IA-1/PUD-3A,"Office/R&D, Retail",467512,63844,,Office/R&D,,NA,"Garage totals 899 spaces with 302 allocated to 215 First Street, 136 to 100 Binney Street, 15 to 41 Linsky Way, and 25 to 161 First Street.",Planning Board Special Permit,PB243,BLDC-018436-2014,New Construction,7.59,,421,"This Alexandria Center project is a 10-floor, 500,000+ sq ft technology and laboratory building with underground parking. Construction is expected to be complete in early 2017.",This project is located along Binney Street between First and Second Streets near Kendall Square and the Charles River. The Alexandria Center at Kendall Square is a 2.6M sq ft urban science and technology campus.,"https://www.google.com/maps/@42.36517,-71.0787824,3a,75y,176.68h,96.25t/data=!3m6!1e1!3m4!1sXsS_KdE4uFzy_4X-TfPuFQ!2e0!7i13312!8i6656",http://cambridge.courbanize.com/5060-binney-street,-71.0792594779999,"(42.3649661923, -71.0792594779999)",467512,42.3649661923,Building Permit Granted